{
    "src/addons/Snog/Flags/addon.json": "d974e4c63bf0256202d779396367e0257bfd48c55f60e6eeb0bb804f40928c27",
    "src/addons/Snog/Flags/Callback/Country.php": "29f3f947d2743f7282ec97d90ab42fcc44eb0ff051d935431c7547703f540027",
    "src/addons/Snog/Flags/CloudFlare/CloudflareMiddleware.php": "80da5d1ecb0f93ad5c5cfb00e300be557ee73699a83e32e17d3bd7e7745bc5ba",
    "src/addons/Snog/Flags/CloudFlare/LICENSE": "bfc6cc8fa019f2353bf63d11345a914c6c9f0132c1563903c67cabf321a103b3",
    "src/addons/Snog/Flags/Cron/Maxmind.php": "4f5e6229e09c50d3a0200a40691a37aeb4eab8e1d70b7d584a1c69a9d72cca70",
    "src/addons/Snog/Flags/defaultdata/flags/clear.gif": "24e480e4659fbae818853a38f8a3036f529f539024dc3e772c0b594ce02ea9db",
    "src/addons/Snog/Flags/defaultdata/flags/flagsprite.png": "617a5584871ba4d310194e394d5d6eda904cfadfc3742695ffc08accc42de6d5",
    "src/addons/Snog/Flags/defaultdata/flags/index.html": "01ba4719c80b6fe911b091a7c05124b64eeece964e09c058ef8f9805daca546b",
    "src/addons/Snog/Flags/defaultdata/index.html": "01ba4719c80b6fe911b091a7c05124b64eeece964e09c058ef8f9805daca546b",
    "src/addons/Snog/Flags/Listener.php": "0ac3f8daef8be16ec819a57be7b7e8f7a133e511046b12ecc9f2e1e964c2dc32",
    "src/addons/Snog/Flags/Maxmind/LICENSE": "cfc7749b96f63bd31c3c42b5c471bf756814053e847c10f3eb003417bc523d30",
    "src/addons/Snog/Flags/Maxmind/Reader.php": "ed6f433bbcb88680ed68aacbc60f4351e837af48a92dee33f0a781d13a2d1ebb",
    "src/addons/Snog/Flags/Maxmind/Reader/Decoder.php": "7a6a1bbdf12052c12758dfb2ce5537899fae6e66c28960c3c3179d633664cdb7",
    "src/addons/Snog/Flags/Maxmind/Reader/InvalidDatabaseException.php": "2b4f4796c31bd6edc574a1daf3f3f739265a6198091c105075d54b2751341ad2",
    "src/addons/Snog/Flags/Maxmind/Reader/Metadata.php": "40200e39e23c010d513a2bb54fd3fc2bc3b2e7fa6a6b033528481ca69cf3d908",
    "src/addons/Snog/Flags/Maxmind/Reader/Util.php": "40956caaaf15d28abd1e020c61c852edc9d9097ef627312c250509b7f855d1e6",
    "src/addons/Snog/Flags/Maxmind/README.md": "99b3a8f0cc26bd3d96a443f94c859055762c02916786fcb9e9a049fa761708fa",
    "src/addons/Snog/Flags/Setup.php": "b38f732c1cfc9ab6b1b6e6c3f9702067f7f0c39c81291c8e48a2c2ef16aedcff",
    "src/addons/Snog/Flags/XF/Admin/Controller/User.php": "7fcef4124ec21d4aaa710988fbb822e22780c347b5c3d0e4d9a9b827d09e6f4d",
    "src/addons/Snog/Flags/XF/ChangeLog/User.php": "a1db873444383f3dc4329381de0fb69b5761f4d2813d563687ebd8379ac22f28",
    "src/addons/Snog/Flags/XF/Entity/User.php": "d34b9f6a0082b98df8b526eb5c6e953513535692c6a524556c72071fe4eec3d3",
    "src/addons/Snog/Flags/XF/Entity/UserPrivacy.php": "dda272b73c398bf41a0e27adb2fcc717c734568a04f965b975f16b7e4af38ccc",
    "src/addons/Snog/Flags/XF/Pub/Controller/Account.php": "5ecbe36dcd2033292f97eeeda0d98529b34fa4d20f6813aa910947c44ba28da9",
    "src/addons/Snog/Flags/XF/Pub/Controller/Forum.php": "8ab8d9d74b19fe5eeb7966bc8a6d2e567e0efbb7938ae8d07403fda058406650",
    "src/addons/Snog/Flags/XF/Pub/Controller/Member.php": "3cd2ddc88c9ea0461cc2a589891fc497166e0932cf34d0cd98412daeb5aa8768",
    "src/addons/Snog/Flags/XFRM/ControllerPlugin/Overview.php": "672bfcf6a7e4a89314a42f3cec382c39275ec18c41ae7abac06e5e342f3fb551",
    "src/addons/Snog/Flags/_data/admin_navigation.xml": "064ec797484ac00d5ee37367b50b06846d11f480d00550997712707f8fdac8c0",
    "src/addons/Snog/Flags/_data/admin_permission.xml": "ec6fb97cebf0bceb24f1ed1d5778c1db54eeb7535fbb3e31d824840e7aa9ff87",
    "src/addons/Snog/Flags/_data/advertising_positions.xml": "d2f7cbe844bb1df3cf878d22ff6306249245c8ff6b0b87b9b729744bec538261",
    "src/addons/Snog/Flags/_data/api_scopes.xml": "6793eaf758f140e8137187ba20e65f4faccf53410433ae3ad7a8b3b38cb6b3b7",
    "src/addons/Snog/Flags/_data/bb_codes.xml": "faa4ddd5f4a365e5ac39aebdcbe2d25aedf74e7eb9ea4a812766e2fd5e13bdb1",
    "src/addons/Snog/Flags/_data/bb_code_media_sites.xml": "29762987990187b33e43cfb68c08dc917b2d3f0176613d78f8e6c453f82da3f3",
    "src/addons/Snog/Flags/_data/class_extensions.xml": "4bc89b61241f3f0952f56e23fbf50e052ae4f669130135d3f96eabe04655afd2",
    "src/addons/Snog/Flags/_data/code_events.xml": "8370dec3df47f91df4cf79da253446ad11b29f4ea568fe76c774e97a0379f0eb",
    "src/addons/Snog/Flags/_data/code_event_listeners.xml": "f09137e5083b3ba5d6041c1816db0eacc119865d9ee280ea5114e47e63df24fe",
    "src/addons/Snog/Flags/_data/content_type_fields.xml": "c7ad5472b28f465b7ac7617627707eba1b7a39d28089460d52e1ed292fc0b06a",
    "src/addons/Snog/Flags/_data/cron.xml": "fb44199eb087b4539e23019259f87257c604085600fed799297b2b58e280dda2",
    "src/addons/Snog/Flags/_data/help_pages.xml": "a8a0c0b06cdc550438bc8a8d385af3e1e5ab3459877dfb934c1c31be59c89163",
    "src/addons/Snog/Flags/_data/member_stats.xml": "89fb2b93ff1eca7a1f6f752248edf6090dfd24037db1446fd18ff7143f08124d",
    "src/addons/Snog/Flags/_data/navigation.xml": "f75e1c03a45a360bbdfcd0567121665082315068475d5b0feb8b1acbb1688651",
    "src/addons/Snog/Flags/_data/options.xml": "174533adb44866b4b57f0cc272a2754e449514692ad85ddf298d79d049560802",
    "src/addons/Snog/Flags/_data/option_groups.xml": "38a2c51353e7acb41975a500b60f06e644780d7e8f45aa69c545a7c8a3550f63",
    "src/addons/Snog/Flags/_data/permissions.xml": "37bfe8df7d573d52d65a1df4cdbea776139eab370c38d64fb4c8236cc7484a96",
    "src/addons/Snog/Flags/_data/permission_interface_groups.xml": "3177224e96458b829aa7fb24866dda9e0455a4922aee3d669b53f59a1ffdf5d1",
    "src/addons/Snog/Flags/_data/phrases.xml": "7b51cac6677494f60c21c8b06d6da17eef7f6464c32c1f89f01a85488a352c7d",
    "src/addons/Snog/Flags/_data/routes.xml": "550fa64f9feedf137dd877b38c2684f94474619d2d83890dbb717a91b50da8f5",
    "src/addons/Snog/Flags/_data/style_properties.xml": "8b8690a8512f01f219dd2da76e3d0c5f62afc1f317b87794a7331c859c36a7a8",
    "src/addons/Snog/Flags/_data/style_property_groups.xml": "68e1879cb3846c42d978487aa8d5145ff3335fc39e58016878824d5cf3fd684c",
    "src/addons/Snog/Flags/_data/templates.xml": "7f1770537edebd1428e6dad764f6d1922ab5c1e1cd4ce90ef34db51a5943a9ce",
    "src/addons/Snog/Flags/_data/template_modifications.xml": "85e20c81659b3575b667b9394aeae0f8407af36a74b408d9382274e90a1012af",
    "src/addons/Snog/Flags/_data/widget_definitions.xml": "37e46965256430f24004c2e7f08ba08f9b0d1cbcc4d70e84b3f4e3ffb713e64b",
    "src/addons/Snog/Flags/_data/widget_positions.xml": "a29cee66134f6bc5d75ed9df1eef21096c24401915c5b5c774389c3d7bb2d5b3"
}